query,category
"My landlord refused to return my security deposit after moving out",Tenant Law
"Landlord is threatening to evict me without written 30 day notice",Tenant Law
"There is toxic black mold in my rented apartment and landlord ignores it",Tenant Law
"Can my landlord enter my apartment without prior 24 hour notice?",Tenant Law
"Withholding rent because the heating has been broken for two weeks",Tenant Law
"Unlawful detainer notice served on tenant during lease term",Tenant Law
"Landlord increased rent by 40% without proper statutory notice",Tenant Law
"Subletting apartment violated lease clause according to landlord",Tenant Law
"Security deposit deductions for normal wear and tear on carpets",Tenant Law
"Constructive eviction due to landlord cutting off water and power",Tenant Law
"Landlord changed door locks while my belongings were still inside",Tenant Law
"Breaking residential lease early due to unsafe living conditions",Tenant Law
"Commercial tenant received notice to quit premises for late payment",Tenant Law
"Landlord failed to provide habitable apartment under state warranty",Tenant Law
"Neighbor flooding my rented unit and landlord refuses to repair damage",Tenant Law
"Arrested by police officers without being read my Miranda rights",Criminal Law
"Facing felony drug possession charges after a vehicle traffic stop",Criminal Law
"Police searched my house and backpack without a valid signed warrant",Criminal Law
"Charged with misdemeanor DUI after failing a field sobriety breathalyzer",Criminal Law
"Can I invoke my 5th Amendment right to remain silent during interrogation?",Criminal Law
"What is the maximum bail amount for assault and battery in county court",Criminal Law
"Arrested for grand theft auto and need public defender representation",Criminal Law
"Police conducted an illegal warrantless search of my vehicle trunk",Criminal Law
"Charged with reckless driving and speeding over 25 mph over limit",Criminal Law
"Arraignment hearing scheduled tomorrow morning after police booking",Criminal Law
"Can officer search my phone without a warrant during arrest?",Criminal Law
"Self-defense claim in bar fight resulting in assault charges",Criminal Law
"Facing state indictment for white-collar wire fraud and conspiracy",Criminal Law
"Probation violation warrant issued for missing mandatory check-in",Criminal Law
"Police coerced a false confession during custodial interrogation",Criminal Law
"How to incorporate an LLC for a new tech startup with two co-founders",Corporate Law
"Drafting an operating agreement with 4-year equity vesting and cliff",Corporate Law
"Differences between LLC and Delaware C-Corp for raising venture capital",Corporate Law
"Minority shareholder lawsuit alleging breach of fiduciary duty by CEO",Corporate Law
"Drafting convertible promissory note and SAFE agreement for angel seed round",Corporate Law
"Corporate veil piercing claim against business owner for company debt",Corporate Law
"Drafting board of directors resolutions and bylaws for Delaware corp",Corporate Law
"Employee stock option pool grant plan under 83b tax election",Corporate Law
"Partnership dissolution agreement and division of corporate liabilities",Corporate Law
"Non-disclosure agreement NDA breach by former founding business partner",Corporate Law
"Commercial contract breach for failure to deliver custom enterprise software",Contracts Law
"Client signed consulting contract but refused to pay outstanding $45,000 invoice",Contracts Law
"Vendor supplied defective manufacturing goods violating express warranty terms",Contracts Law
"Force majeure clause invocation due to pandemic supply chain cancellation",Contracts Law
"Material breach of contract damages and opportunity to cure notice period",Contracts Law
"Liquidated damages clause enforceability in commercial construction agreement",Contracts Law
"Arbitration clause binding mediation vs court litigation in agreement",Contracts Law
"Fraudulent inducement to sign commercial equipment lease contract",Contracts Law
"Promissory estoppel claim after relying on oral promises to my detriment",Contracts Law
"Breach of implied covenant of good faith and fair dealing by service vendor",Contracts Law
"How to file for divorce and divide marital property under equitable distribution",Family Law
"Child custody dispute and establishing joint legal and physical parenting plan",Family Law
"Calculating child support payments based on parental income and overnight timeshares",Family Law
"Spousal support alimony modification after losing employment and income",Family Law
"Enforceability of prenuptial agreement signed two days before wedding ceremony",Family Law
"Paternity petition to establish biological father visitation rights",Family Law
"Filing an emergency temporary restraining order for domestic abuse and harassment",Family Law
"Grandparents visitation rights following parental separation and divorce",Family Law
"Contested divorce proceeding involving valuation of closely held family business",Family Law
"Adoption proceeding requirements for stepparent adopting minor child",Family Law
"Terminated from my job after reporting sexual harassment to human resources",Employment Law
"Wrongful termination in retaliation for filing OSHA workplace safety complaint",Employment Law
"Employer failed to pay statutory overtime hours worked over 40 hours per week",Employment Law
"Age discrimination under ADEA after company laid off only workers over 50",Employment Law
"Fired while on approved medical leave under Family and Medical Leave Act FMLA",Employment Law
"Employer classified employees as 1099 independent contractors to avoid benefits",Employment Law
"Hostile work environment claim due to racial slurs and supervisor discrimination",Employment Law
"Non-compete clause enforceability after resigning from marketing agency",Employment Law
"Severance agreement review and release of claims waiver negotiation",Employment Law
"Pregnancy discrimination and denial of reasonable workplace accommodation",Employment Law
"Police officer used excessive force and baton strikes during peaceful protest",Civil Rights
"Section 1983 federal lawsuit against sheriff department for unlawful arrest",Civil Rights
"First Amendment free speech violation after university banned student club",Civil Rights
"Prisoner Eighth Amendment cruel and unusual punishment for denial of medical care",Civil Rights
"Qualified immunity defense invoked by government agent in civil rights suit",Civil Rights
"Racial profiling and unlawful discriminatory stop-and-frisk by police",Civil Rights
"Title IX sex discrimination claim against public school educational program",Civil Rights
"Fourteenth Amendment Equal Protection violation by state municipal zoning",Civil Rights
"Due process deprivation without notice or hearing by state licensing board",Civil Rights
"Voting rights infringement due to discriminatory voter purge procedures",Civil Rights
"Rear-ended at red traffic light by distracted driver texting on phone",Personal Injury
"Suffered herniated discs and spinal injury from multi-vehicle car accident",Personal Injury
"Slip and fall on wet supermarket floor with no warning caution sign posted",Personal Injury
"Medical malpractice lawsuit against surgeon for leaving sponge in abdomen",Personal Injury
"Dog bite attack causing severe facial lacerations and permanent nerve damage",Personal Injury
"Wrongful death claim after pedestrian was struck by speeding commercial truck",Personal Injury
"Defective consumer product battery exploded causing second degree burns",Personal Injury
"Insurance adjuster offering lowball settlement before medical treatment finished",Personal Injury
"Traumatic brain injury concussion symptoms following construction site scaffold fall",Personal Injury
"Comparative negligence rules when plaintiff was 10 percent at fault in crash",Personal Injury
"Competitor stole our proprietary source code and infringed federal copyright",Intellectual Property
"How to file USPTO trademark application for software brand name and logo",Intellectual Property
"Received a Cease and Desist letter alleging patent infringement on widget design",Intellectual Property
"DMCA takedown notice filed against unauthorized digital music distribution",Intellectual Property
"Trade secret misappropriation lawsuit under Defend Trade Secrets Act DTSA",Intellectual Property
"Copyright registration requirements for original generative software works",Intellectual Property
"Trademark dilution and consumer confusion caused by rival counterfeit products",Intellectual Property
"Licensing agreement royalty payment calculation for patented biotechnology",Intellectual Property
"Fair use defense against copyright infringement in educational video commentary",Intellectual Property
"Patent validity challenge before the Patent Trial and Appeal Board PTAB",Intellectual Property
"How to apply for H-1B specialty occupation work visa petition with USCIS",Immigration Law
"Facing deportation and removal proceedings before EOIR immigration court judge",Immigration Law
"Asylum application filed based on political persecution in country of origin",Immigration Law
"Applying for marriage green card adjustment of status with US citizen spouse",Immigration Law
"DACA renewal deadline and employment authorization card replacement",Immigration Law
"Unlawful presence 3-year and 10-year reentry bar waiver Form I-601A",Immigration Law
"Consular processing interview requirements for immigrant visa issuance",Immigration Law
"Employer sponsored PERM labor certification process with Department of Labor",Immigration Law
"Naturalization citizenship Form N-400 application eligibility requirements",Immigration Law
"Overstayed B-2 tourist visa and seeking legal status adjustment options",Immigration Law
"IRS issued Notice of Deficiency CP2000 claiming $35,000 in unpaid taxes",Tax Law
"How to file a petition with United States Tax Court within 90 days deadline",Tax Law
"IRS placed federal tax lien on residential home and levied personal bank account",Tax Law
"Offer in Compromise OIC submission to settle tax liabilities for less than owed",Tax Law
"Audit examination by IRS agent for business expense deduction disallowance",Tax Law
"Failure to file federal tax returns for past three years and criminal exposure",Tax Law
"Innocent spouse relief under Internal Revenue Code Section 6015",Tax Law
"Payroll tax withholding trust fund recovery penalty asserted against officer",Tax Law
"Cryptocurrency transaction reporting and capital gains tax audit defense",Tax Law
"State department of revenue sales tax audit assessment and appeals conference",Tax Law
